;8.jpg;9.jpg;14.jpg;29.jpg;15.jpg;17.jpg;16.jpg;12.jpg;40.jpeg;13.jpg;39.jpg;11.jpg;10.jpg;38.jpg;21.jpg;35.jpg;34.jpg;20.jpg;36.jpg;22.jpg;23.jpg;37.jpg;33.jpg;27.jpg;26.jpg;18.jpg;24.jpg;30.jpg;19.jpeg;31.jpg;25.jpg;4.jpg;28.jpeg;5.jpg;7.jpg;32.jpeg;6.jpg;2.jpg;3.jpg;1.jpg
8.jpg;0;70.51;63.73;66.35;63.39;64.03;77.21;72.08;67.38;63.66;77.83;67.64;57.24;61.92;71.66;76.07;59.44;72.37;81.44;64.91;69.51;64.79;83.99;54.16;53.85;72.94;62.42;72.37;65.65;81.19;62.52;57.95;59.5;49.31;52.09;77.79;53.01;79.76;78.85;80.12
9.jpg;70.51;0;60.18;68.9;62.2;64.32;75.89;60.17;69.45;61.39;76.63;42.33;34.34;53.38;75.62;80.26;55.28;75.5;69.39;66.83;79.18;60.21;65.76;59.24;59.49;72.82;66.49;66.14;67.64;74.15;69.23;64.24;63.81;68.26;67.72;73.43;63.85;68.17;91.65;68.89
14.jpg;63.73;60.18;0;44.49;17.46;36.19;47.41;29.43;42.04;22.15;59.84;53.8;50.2;34.03;57.21;58.16;42.54;55.49;49.01;46.28;59.69;36.65;55.68;34.98;40.81;44.69;48.88;45.89;54.99;57.81;49.56;49.3;38.66;48.62;56.06;57.91;47.44;61.97;74.95;62.54
29.jpg;66.35;68.9;44.49;0;43.62;42.41;52.81;55.56;50.6;44.35;67.21;57.51;56.08;46.28;53.27;60.45;45.58;51.38;60.42;45.17;60.62;47.79;59.62;27.12;43.5;52.29;51.8;52.21;50.66;60.64;51.55;56.14;25.02;52.71;56.65;62.4;53.51;58.35;82.56;58.89
15.jpg;63.39;62.2;17.46;43.62;0;36.5;47.16;30.98;38.27;22.5;58.31;55.33;51.36;34.74;57.44;59.68;42.79;54.77;47.33;47.04;59.72;35.26;53.81;35.04;41.35;44.39;46.88;47.17;53.99;55.4;49.93;49.54;39.82;51.21;55.09;55.35;47.51;63.41;77.66;63.58
17.jpg;64.03;64.32;36.19;42.41;36.5;0;31.32;49.16;50.22;36.78;61.01;53.35;51.17;42.11;55.34;58.91;45.75;53.89;60.43;44.11;59.38;47.19;65.49;32.45;41.52;28.6;49.38;50.87;53.28;59.26;49.45;52.17;37.56;46.95;55.18;59.59;49.28;60.76;79.07;60.59
16.jpg;77.21;75.89;47.41;52.81;47.16;31.32;0;62.4;60.79;47.73;73.71;68.28;64.8;53.7;66.99;73.6;57.83;63.2;70.65;58.42;71.74;53.55;77.58;45.37;54.82;38.55;62.72;63.79;63.51;68.66;63.23;64.42;49.9;63.63;66.34;72.74;62.33;74.85;89.35;74.56
12.jpg;72.08;60.17;29.43;55.56;30.98;49.16;62.4;0;46.35;35.35;64.62;61.61;56.88;36.79;67.17;68;52.11;65.41;58.3;54.93;69.95;44.62;61.52;46.17;50.14;57.45;58.72;52.95;60.88;61.81;59.17;50.79;50.43;60.6;65.41;64.61;55.66;70.55;79.8;71.09
40.jpeg;67.38;69.45;42.04;50.6;38.27;50.22;60.79;46.35;0;40.48;63.11;60.62;56.94;31.2;62.72;66.72;48.18;59.64;57.36;52.62;64.63;33.55;61.15;44.37;46.01;58.06;55.52;53.88;57.82;61.21;55.03;50.98;49.72;57.34;59.62;60.16;53.71;67.31;77.44;64.13
13.jpg;63.66;61.39;22.15;44.35;22.5;36.78;47.73;35.35;40.48;0;57.9;54.13;50.12;39.19;56.04;57.59;42.29;54.4;53.5;45.63;61.66;39.69;57.53;32.69;42.99;47.13;50.16;46.89;54.07;57.78;50.23;51.95;38.21;52.46;58.39;56.54;49.79;61.13;81.1;60.79
39.jpg;77.83;76.63;59.84;67.21;58.31;61.01;73.71;64.62;63.11;57.9;0;75.27;61.35;57.03;75.95;72.46;48.23;73.78;55.07;65.68;78.06;60.6;51.88;58;60.77;69.45;67.29;54.87;72.66;49.25;69.99;71.55;62.26;73.08;75.84;38.47;70.67;76.37;100;78.22
11.jpg;67.64;42.33;53.8;57.51;55.33;53.35;68.28;61.61;60.62;54.13;75.27;0;33.51;53.33;64.37;68.76;49.22;64.32;64.03;56.05;68.18;51.68;70.08;46.49;49.45;63.16;57.5;57.38;60;70.58;57.67;58.75;52.45;54.99;57.68;74.2;55.14;59.39;87.13;59.16
10.jpg;57.24;34.34;50.2;56.08;51.36;51.17;64.8;56.88;56.94;50.12;61.35;33.51;0;49.28;62.37;67.85;41.11;60.58;56.41;54.27;62.25;52.55;62.48;47.01;49.08;62.29;56.09;52.8;57.17;64.18;56.35;55.09;51.07;56.62;58.14;61.61;54;55.72;82.8;56.45
38.jpg;61.92;53.38;34.03;46.28;34.74;42.11;53.7;36.79;31.2;39.19;57.03;53.33;49.28;0;55.51;58.24;43.22;54.39;49.53;44.72;59.03;27.88;55.89;36.9;39.02;51.43;46.98;46.82;48;57.94;49.18;49.02;41.48;50.88;53.62;55.4;45.26;58.71;77.78;59.43
21.jpg;71.66;75.62;57.21;53.27;57.44;55.34;66.99;67.17;62.72;56.04;75.95;64.37;62.37;55.51;0;66.57;55.69;34.84;69.72;39.26;72;59.48;74.69;43.7;55.69;65.5;62.47;63.09;35.61;75.32;61.06;66.18;50.09;65.04;65.93;73.19;60.6;45.34;91.38;49.59
35.jpg;76.07;80.26;58.16;60.45;59.68;58.91;73.6;68;66.72;57.59;72.46;68.76;67.85;58.24;66.57;0;45.77;69.48;64.9;60.3;71.23;59.04;65.42;51.15;56.87;68.48;59.73;51.33;67.15;62.07;63.93;70.02;55.48;69.11;73.13;66.06;60.57;73.45;93.54;72.08
34.jpg;59.44;55.28;42.54;45.58;42.79;45.75;57.83;52.11;48.18;42.29;48.23;49.22;41.11;43.22;55.69;45.77;0;53.6;33.92;47.91;58.77;42.33;35.82;37.51;44.26;55.03;50.04;28.58;53.34;38.98;51.7;53.06;42.51;55.04;59.48;42.73;51.59;53.02;80.6;52.01
20.jpg;72.37;75.5;55.49;51.38;54.77;53.89;63.2;65.41;59.64;54.4;73.78;64.32;60.58;54.39;34.84;69.48;53.6;0;67.17;44.21;69.34;54.67;72.19;42.94;53.41;64.2;62.06;60.42;30.55;68.85;58.9;63.88;49.06;64.77;61.9;71.68;63.41;41.43;89.35;43.55
36.jpg;81.44;69.39;49.01;60.42;47.33;60.43;70.65;58.3;57.36;53.5;55.07;64.03;56.41;49.53;69.72;64.9;33.92;67.17;0;60.4;76.15;52.17;40.52;51.18;58.94;69.51;63.34;41.85;64.8;48.42;67.18;64.87;55.42;70.35;74.93;52.55;64.93;64.61;94.12;65.73
22.jpg;64.91;66.83;46.28;45.17;47.04;44.11;58.42;54.93;52.62;45.63;65.68;56.05;54.27;44.72;39.26;60.3;47.91;44.21;60.4;0;62.13;48.75;65.92;36;45.51;54.71;51.64;53.43;46.87;66.66;53.45;57.56;40.29;53.26;59.61;63.92;55.05;56.57;86.4;56.91
23.jpg;69.51;79.18;59.69;60.62;59.72;59.38;71.74;69.95;64.63;61.66;78.06;68.18;62.25;59.03;72;71.23;58.77;69.34;76.15;62.13;0;61.58;79.28;53.55;45.42;69.36;39.41;66.88;68.12;79.37;53.58;66.21;58.33;62.77;64.96;79.65;61.92;78.29;92.82;79.66
37.jpg;64.79;60.21;36.65;47.79;35.26;47.19;53.55;44.62;33.55;39.69;60.6;51.68;52.55;27.88;59.48;59.04;42.33;54.67;52.17;48.75;61.58;0;54.46;38.8;40.7;51.74;49.66;45.34;54.71;52.41;51.47;48.56;45.67;53.06;53.09;54.88;47.36;61.8;74.98;61.5
33.jpg;83.99;65.76;55.68;59.62;53.81;65.49;77.58;61.52;61.15;57.53;51.88;70.08;62.48;55.89;74.69;65.42;35.82;72.19;40.52;65.92;79.28;54.46;0;56.9;63.31;74.95;69.02;40.35;70.05;44.34;70.4;71.09;60.21;74.18;78.99;46.29;69.34;65.01;98.31;62.51
27.jpg;54.16;59.24;34.98;27.12;35.04;32.45;45.37;46.17;44.37;32.69;58;46.49;47.01;36.9;43.7;51.15;37.51;42.94;51.18;36;53.55;38.8;56.9;0;35.25;42.05;42.96;42.71;41.24;55.54;43.34;43.92;16.07;40.81;46.08;55.47;40.68;48.27;69.32;48.03
26.jpg;53.85;59.49;40.81;43.5;41.35;41.52;54.82;50.14;46.01;42.99;60.77;49.45;49.08;39.02;55.69;56.87;44.26;53.41;58.94;45.51;45.42;40.7;63.31;35.25;0;49.79;32.3;50.78;52.68;61.2;24.24;44.69;39.59;44.52;44.76;63.14;42.39;59;70.95;60.08
18.jpg;72.94;72.82;44.69;52.29;44.39;28.6;38.55;57.45;58.06;47.13;69.45;63.16;62.29;51.43;65.5;68.48;55.03;64.2;69.51;54.71;69.36;51.74;74.95;42.05;49.79;0;57.33;60.42;63.03;69.55;58.87;60.31;47.19;59.17;63.93;69.85;58.26;70.91;88.63;71.4
24.jpg;62.42;66.49;48.88;51.8;46.88;49.38;62.72;58.72;55.52;50.16;67.29;57.5;56.09;46.98;62.47;59.73;50.04;62.06;63.34;51.64;39.41;49.66;69.02;42.96;32.3;57.33;0;57.85;59.25;67.87;39.96;52.24;47.58;53.73;48.64;66.62;45.03;69.54;75.62;69.93
30.jpg;72.37;66.14;45.89;52.21;47.17;50.87;63.79;52.95;53.88;46.89;54.87;57.38;52.8;46.82;63.09;51.33;28.58;60.42;41.85;53.43;66.88;45.34;40.35;42.71;50.78;60.42;57.85;0;60.91;47.18;58.34;55.48;46.86;61.27;65.68;46.93;56.55;57.16;77.16;57.26
19.jpeg;65.65;67.64;54.99;50.66;53.99;53.28;63.51;60.88;57.82;54.07;72.66;60;57.17;48;35.61;67.15;53.34;30.55;64.8;46.87;68.12;54.71;70.05;41.24;52.68;63.03;59.25;60.91;0;71.57;58.42;64.22;42.66;62.12;62.27;69.12;61.54;47.7;91.63;46.17
31.jpg;81.19;74.15;57.81;60.64;55.4;59.26;68.66;61.81;61.21;57.78;49.25;70.58;64.18;57.94;75.32;62.07;38.98;68.85;48.42;66.66;79.37;52.41;44.34;55.54;61.2;69.55;67.87;47.18;71.57;0;69.17;68.81;58.32;72.08;73.47;46.36;66.58;75.43;93.72;75.27
25.jpg;62.52;69.23;49.56;51.55;49.93;49.45;63.23;59.17;55.03;50.23;69.99;57.67;56.35;49.18;61.06;63.93;51.7;58.9;67.18;53.45;53.58;51.47;70.4;43.34;24.24;58.87;39.96;58.34;58.42;69.17;0;54.66;47.92;53.16;53.02;70.37;47.5;67.36;72;67.77
4.jpg;57.95;64.24;49.3;56.14;49.54;52.17;64.42;50.79;50.98;51.95;71.55;58.75;55.09;49.02;66.18;70.02;53.06;63.88;64.87;57.56;66.21;48.56;71.09;43.92;44.69;60.31;52.24;55.48;64.22;68.81;54.66;0;48.31;47.09;47.5;71.63;41.36;70.58;55.08;68.39
28.jpeg;59.5;63.81;38.66;25.02;39.82;37.56;49.9;50.43;49.72;38.21;62.26;52.45;51.07;41.48;50.09;55.48;42.51;49.06;55.42;40.29;58.33;45.67;60.21;16.07;39.59;47.19;47.58;46.86;42.66;58.32;47.92;48.31;0;46.66;51.17;57.37;46.52;53.13;76.87;53.69
5.jpg;49.31;68.26;48.62;52.71;51.21;46.95;63.63;60.6;57.34;52.46;73.08;54.99;56.62;50.88;65.04;69.11;55.04;64.77;70.35;53.26;62.77;53.06;74.18;40.81;44.52;59.17;53.73;61.27;62.12;72.08;53.16;47.09;46.66;0;43.04;73.29;35.11;72.79;70.28;73.19
7.jpg;52.09;67.72;56.06;56.65;55.09;55.18;66.34;65.41;59.62;58.39;75.84;57.68;58.14;53.62;65.93;73.13;59.48;61.9;74.93;59.61;64.96;53.09;78.99;46.08;44.76;63.93;48.64;65.68;62.27;73.47;53.02;47.5;51.17;43.04;0;78.35;35.73;73.13;63.89;73.82
32.jpeg;77.79;73.43;57.91;62.4;55.35;59.59;72.74;64.61;60.16;56.54;38.47;74.2;61.61;55.4;73.19;66.06;42.73;71.68;52.55;63.92;79.65;54.88;46.29;55.47;63.14;69.85;66.62;46.93;69.12;46.36;70.37;71.63;57.37;73.29;78.35;0;70.48;71.13;99.35;71.35
6.jpg;53.01;63.85;47.44;53.51;47.51;49.28;62.33;55.66;53.71;49.79;70.67;55.14;54;45.26;60.6;60.57;51.59;63.41;64.93;55.05;61.92;47.36;69.34;40.68;42.39;58.26;45.03;56.55;61.54;66.58;47.5;41.36;46.52;35.11;35.73;70.48;0;71.66;60.12;72.13
2.jpg;79.76;68.17;61.97;58.35;63.41;60.76;74.85;70.55;67.31;61.13;76.37;59.39;55.72;58.71;45.34;73.45;53.02;41.43;64.61;56.57;78.29;61.8;65.01;48.27;59;70.91;69.54;57.16;47.7;75.43;67.36;70.58;53.13;72.79;73.13;71.13;71.66;0;97.82;32.27
3.jpg;78.85;91.65;74.95;82.56;77.66;79.07;89.35;79.8;77.44;81.1;100;87.13;82.8;77.78;91.38;93.54;80.6;89.35;94.12;86.4;92.82;74.98;98.31;69.32;70.95;88.63;75.62;77.16;91.63;93.72;72;55.08;76.87;70.28;63.89;99.35;60.12;97.82;0;95.27
1.jpg;80.12;68.89;62.54;58.89;63.58;60.59;74.56;71.09;64.13;60.79;78.22;59.16;56.45;59.43;49.59;72.08;52.01;43.55;65.73;56.91;79.66;61.5;62.51;48.03;60.08;71.4;69.93;57.26;46.17;75.27;67.77;68.39;53.69;73.19;73.82;71.35;72.13;32.27;95.27;0
